{
    "input_folder": {
        "foreground_mean": {
            "Dice": 0.9271278969511337,
            "FN": 3854.5,
            "FP": 2812.65,
            "IoU": 0.8649557741078159,
            "TN": 11577956.6,
            "TP": 42896.25,
            "n_pred": 45708.9,
            "n_ref": 46750.75
        },
        "mean": {
            "1": {
                "Dice": 0.9271278969511337,
                "FN": 3854.5,
                "FP": 2812.65,
                "IoU": 0.8649557741078159,
                "TN": 11577956.6,
                "TP": 42896.25,
                "n_pred": 45708.9,
                "n_ref": 46750.75
            }
        }
    },
    "postprocessed": {
        "foreground_mean": {
            "Dice": 0.9273651436721208,
            "FN": 3874.35,
            "FP": 2774.0,
            "IoU": 0.8653126367159476,
            "TN": 11577995.25,
            "TP": 42876.4,
            "n_pred": 45650.4,
            "n_ref": 46750.75
        },
        "mean": {
            "1": {
                "Dice": 0.9273651436721208,
                "FN": 3874.35,
                "FP": 2774.0,
                "IoU": 0.8653126367159476,
                "TN": 11577995.25,
                "TP": 42876.4,
                "n_pred": 45650.4,
                "n_ref": 46750.75
            }
        }
    },
    "postprocessing_fns": [
        "remove_all_but_largest_component_from_segmentation"
    ],
    "postprocessing_kwargs": [
        {
            "labels_or_regions": [
                1
            ]
        }
    ]
}