{
    "foreground_mean": {
        "Dice": 0.9271278969511337,
        "FN": 3854.5,
        "FP": 2812.65,
        "IoU": 0.8649557741078159,
        "TN": 11577956.6,
        "TP": 42896.25,
        "n_pred": 45708.9,
        "n_ref": 46750.75
    },
    "mean": {
        "1": {
            "Dice": 0.9271278969511337,
            "FN": 3854.5,
            "FP": 2812.65,
            "IoU": 0.8649557741078159,
            "TN": 11577956.6,
            "TP": 42896.25,
            "n_pred": 45708.9,
            "n_ref": 46750.75
        }
    },
    "metric_per_case": [
        {
            "metrics": {
                "1": {
                    "Dice": 0.9532045887407539,
                    "FN": 1962,
                    "FP": 2264,
                    "IoU": 0.9105930141536378,
                    "TN": 13264733,
                    "TP": 43041,
                    "n_pred": 45305,
                    "n_ref": 45003
                }
            },
            "prediction_file": "/workspace/nnUNet_results/Dataset002_Heart/nnUNetTrainer_100epochs__nnUNetPlans__3d_fullres/crossval_results_folds_0_1_2_3_4/la_003.nii.gz",
            "reference_file": "/workspace/nnUNet_raw/Dataset002_Heart/labelsTr/la_003.nii.gz"
        },
        {
            "metrics": {
                "1": {
                    "Dice": 0.9334726576105886,
                    "FN": 3535,
                    "FP": 4296,
                    "IoU": 0.8752449379490529,
                    "TN": 11201229,
                    "TP": 54940,
                    "n_pred": 59236,
                    "n_ref": 58475
                }
            },
            "prediction_file": "/workspace/nnUNet_results/Dataset002_Heart/nnUNetTrainer_100epochs__nnUNetPlans__3d_fullres/crossval_results_folds_0_1_2_3_4/la_004.nii.gz",
            "reference_file": "/workspace/nnUNet_raw/Dataset002_Heart/labelsTr/la_004.nii.gz"
        },
        {
            "metrics": {
                "1": {
                    "Dice": 0.9311107543568613,
                    "FN": 6012,
                    "FP": 1712,
                    "IoU": 0.871101246599803,
                    "TN": 12228077,
                    "TP": 52199,
                    "n_pred": 53911,
                    "n_ref": 58211
                }
            },
            "prediction_file": "/workspace/nnUNet_results/Dataset002_Heart/nnUNetTrainer_100epochs__nnUNetPlans__3d_fullres/crossval_results_folds_0_1_2_3_4/la_005.nii.gz",
            "reference_file": "/workspace/nnUNet_raw/Dataset002_Heart/labelsTr/la_005.nii.gz"
        },
        {
            "metrics": {
                "1": {
                    "Dice": 0.9288986933650093,
                    "FN": 6178,
                    "FP": 1364,
                    "IoU": 0.8672370088719898,
                    "TN": 13255192,
                    "TP": 49266,
                    "n_pred": 50630,
                    "n_ref": 55444
                }
            },
            "prediction_file": "/workspace/nnUNet_results/Dataset002_Heart/nnUNetTrainer_100epochs__nnUNetPlans__3d_fullres/crossval_results_folds_0_1_2_3_4/la_007.nii.gz",
            "reference_file": "/workspace/nnUNet_raw/Dataset002_Heart/labelsTr/la_007.nii.gz"
        },
        {
            "metrics": {
                "1": {
                    "Dice": 0.8788776539790902,
                    "FN": 6172,
                    "FP": 5112,
                    "IoU": 0.7839266223694541,
                    "TN": 10187777,
                    "TP": 40939,
                    "n_pred": 46051,
                    "n_ref": 47111
                }
            },
            "prediction_file": "/workspace/nnUNet_results/Dataset002_Heart/nnUNetTrainer_100epochs__nnUNetPlans__3d_fullres/crossval_results_folds_0_1_2_3_4/la_009.nii.gz",
            "reference_file": "/workspace/nnUNet_raw/Dataset002_Heart/labelsTr/la_009.nii.gz"
        },
        {
            "metrics": {
                "1": {
                    "Dice": 0.9169286608900136,
                    "FN": 1745,
                    "FP": 4755,
                    "IoU": 0.8466004295187973,
                    "TN": 12245627,
                    "TP": 35873,
                    "n_pred": 40628,
                    "n_ref": 37618
                }
            },
            "prediction_file": "/workspace/nnUNet_results/Dataset002_Heart/nnUNetTrainer_100epochs__nnUNetPlans__3d_fullres/crossval_results_folds_0_1_2_3_4/la_010.nii.gz",
            "reference_file": "/workspace/nnUNet_raw/Dataset002_Heart/labelsTr/la_010.nii.gz"
        },
        {
            "metrics": {
                "1": {
                    "Dice": 0.9390200071882113,
                    "FN": 3589,
                    "FP": 3537,
                    "IoU": 0.8850496838301717,
                    "TN": 12226008,
                    "TP": 54866,
                    "n_pred": 58403,
                    "n_ref": 58455
                }
            },
            "prediction_file": "/workspace/nnUNet_results/Dataset002_Heart/nnUNetTrainer_100epochs__nnUNetPlans__3d_fullres/crossval_results_folds_0_1_2_3_4/la_011.nii.gz",
            "reference_file": "/workspace/nnUNet_raw/Dataset002_Heart/labelsTr/la_011.nii.gz"
        },
        {
            "metrics": {
                "1": {
                    "Dice": 0.9350853940243118,
                    "FN": 6416,
                    "FP": 2155,
                    "IoU": 0.8780848612434746,
                    "TN": 12217697,
                    "TP": 61732,
                    "n_pred": 63887,
                    "n_ref": 68148
                }
            },
            "prediction_file": "/workspace/nnUNet_results/Dataset002_Heart/nnUNetTrainer_100epochs__nnUNetPlans__3d_fullres/crossval_results_folds_0_1_2_3_4/la_014.nii.gz",
            "reference_file": "/workspace/nnUNet_raw/Dataset002_Heart/labelsTr/la_014.nii.gz"
        },
        {
            "metrics": {
                "1": {
                    "Dice": 0.9489692600542707,
                    "FN": 1394,
                    "FP": 3646,
                    "IoU": 0.9028939154560518,
                    "TN": 9164098,
                    "TP": 46862,
                    "n_pred": 50508,
                    "n_ref": 48256
                }
            },
            "prediction_file": "/workspace/nnUNet_results/Dataset002_Heart/nnUNetTrainer_100epochs__nnUNetPlans__3d_fullres/crossval_results_folds_0_1_2_3_4/la_016.nii.gz",
            "reference_file": "/workspace/nnUNet_raw/Dataset002_Heart/labelsTr/la_016.nii.gz"
        },
        {
            "metrics": {
                "1": {
                    "Dice": 0.9363730739809857,
                    "FN": 3504,
                    "FP": 1154,
                    "IoU": 0.880358564713739,
                    "TN": 12249067,
                    "TP": 34275,
                    "n_pred": 35429,
                    "n_ref": 37779
                }
            },
            "prediction_file": "/workspace/nnUNet_results/Dataset002_Heart/nnUNetTrainer_100epochs__nnUNetPlans__3d_fullres/crossval_results_folds_0_1_2_3_4/la_017.nii.gz",
            "reference_file": "/workspace/nnUNet_raw/Dataset002_Heart/labelsTr/la_017.nii.gz"
        },
        {
            "metrics": {
                "1": {
                    "Dice": 0.9218479003521312,
                    "FN": 5253,
                    "FP": 695,
                    "IoU": 0.8550258360144292,
                    "TN": 12451772,
                    "TP": 35080,
                    "n_pred": 35775,
                    "n_ref": 40333
                }
            },
            "prediction_file": "/workspace/nnUNet_results/Dataset002_Heart/nnUNetTrainer_100epochs__nnUNetPlans__3d_fullres/crossval_results_folds_0_1_2_3_4/la_018.nii.gz",